code,system
2BBR.00,readv2
2BBS.00,readv2
F420200,readv2
2BBl.00,readv2
2BBT.00,readv2
2BBV.00,readv2
F420700,readv2
F422z00,readv2
2BBk.00,readv2
F420100,readv2
C10FB11,readv2
C10FA11,readv2
C109A11,readv2
F3y0.00,readv2
C10EC00,readv2
C10FA00,readv2
F372.00,readv2
C106.12,readv2
C10FB00,readv2
F372200,readv2
F366.00,readv2
F374500,readv2
C108B11,readv2
C109B11,readv2
F372.11,readv2
C10EC11,readv2
C10EB00,readv2
C109B12,readv2
C106.13,readv2
F372.12,readv2
C109611,readv2
C10F600,readv2
C109612,readv2
C108712,readv2
C10F611,readv2
C10E711,readv2
C10E700,readv2
C108711,readv2
C108C00,readv2
F420800,readv2
C108B00,readv2
F420600,readv2
C108700,readv2
C109A00,readv2
C10EC12,readv2
C109600,readv2
C10E712,readv2
C109B00,readv2
2BBP.00,readv2
2BBQ.00,readv2
F420000,readv2
2BBa.00,readv2
2BBY.00,readv2
F420.00,readv2
2BBr.00,readv2
F420z00,readv2
2BBo.00,readv2
F372100,readv2
F372000,readv2
F171100,readv2
F171.00,readv2
F367.00,readv2